Order ID,Client ID,Instrument,Side,Exec Status,Quantity,Price,Duration
Ord1,aa13,Rose,1,New,100,55,3.46456e-317
Ord2,aa14,Rose,1,New,100,65,3.46456e-317
Ord2,aa14,Rose,1,Fill,100,65,14650
Ord3,aa15,Rose,2,pFill,100,65,14651
Ord1,aa13,Rose,1,Fill,100,55,14652
Ord3,aa15,Rose,2,pFill,100,55,14653
Ord3,aa15,Rose,2,Fill,100,1,14654
Ord4,aa13,Rose,1,Fill,100,1,14654
Ord5,aa14,Rose,1,New,100,65,14654
Ord5,aa14,Rose,1,Fill,100,65,14658
Ord6,aa15,Rose,2,pFill,100,65,14658
Ord6,aa15,Rose,2,Fill,100,1,14659
Ord7,aa13,Rose,1,Fill,100,1,14659
Ord6,aa15,Rose,2,Fill,100,1,14660
Ord8,aa14,Rose,1,Fill,100,1,14660
Ord9,aa15,Rose,2,New,300,1,14660
Ord9,aa15,Rose,2,Fill,100,1,14661
Ord10,aa13,Rose,1,Fill,100,1,14664
Ord9,aa15,Rose,2,Fill,100,1,14665
Ord11,aa14,Rose,1,Fill,100,1,14665
Ord12,aa15,Rose,2,New,300,1,14665
Ord9,aa15,Rose,2,Fill,100,1,14667
Ord13,aa13,Rose,1,Fill,100,1,14667
Ord12,aa15,Rose,2,Fill,100,1,14668
Ord14,aa14,Rose,1,Fill,100,1,14668
Ord15,aa15,Rose,2,New,300,1,14668
Ord12,aa15,Rose,2,Fill,100,1,14669
Ord16,aa13,Rose,1,Fill,100,1,14670
Ord15,aa15,Rose,2,Fill,100,1,14670
Ord17,aa14,Rose,1,Fill,100,1,14671
Ord18,aa15,Rose,2,New,300,1,14671
Ord12,aa15,Rose,2,Fill,100,1,14673
Ord19,aa13,Rose,1,Fill,100,1,14673
Ord15,aa15,Rose,2,Fill,100,1,14681
Ord20,aa14,Rose,1,Fill,100,1,14681
Ord21,aa15,Rose,2,New,300,1,14681
Ord18,aa15,Rose,2,Fill,100,1,14683
Ord22,aa13,Rose,1,Fill,100,1,14683
Ord15,aa15,Rose,2,Fill,100,1,14684
Ord23,aa14,Rose,1,Fill,100,1,14684
Ord24,aa15,Rose,2,New,300,1,14684
Ord21,aa15,Rose,2,Fill,100,1,14685
Ord25,aa13,Rose,1,Fill,100,1,14685
Ord18,aa15,Rose,2,Fill,100,1,14686
Ord26,aa14,Rose,1,Fill,100,1,14686
Ord27,aa15,Rose,2,New,300,1,14686
Ord24,aa15,Rose,2,Fill,100,1,14688
Ord28,aa13,Rose,1,Fill,100,1,14688
Ord18,aa15,Rose,2,Fill,100,1,14689
Ord29,aa14,Rose,1,Fill,100,1,14689
Ord30,aa15,Rose,2,New,300,1,14689
Ord27,aa15,Rose,2,Fill,100,1,14690
Ord31,aa13,Rose,1,Fill,100,1,14690
Ord24,aa15,Rose,2,Fill,100,1,14691
Ord32,aa14,Rose,1,Fill,100,1,14691
Ord33,aa15,Rose,2,New,300,1,14691
Ord30,aa15,Rose,2,Fill,100,1,14695
Ord34,aa13,Rose,1,Fill,100,1,14695
Ord27,aa15,Rose,2,Fill,100,1,14696
Ord35,aa14,Rose,1,Fill,100,1,14696
Ord36,aa15,Rose,2,New,300,1,14696
Ord33,aa15,Rose,2,Fill,100,1,14698
Ord37,aa13,Rose,1,Fill,100,1,14698
Ord30,aa15,Rose,2,Fill,100,1,14699
Ord38,aa14,Rose,1,Fill,100,1,14699
Ord39,aa15,Rose,2,New,300,1,14699
Ord36,aa15,Rose,2,Fill,100,1,14723
Ord40,aa13,Rose,1,Fill,100,1,14724
Ord33,aa15,Rose,2,Fill,100,1,14725
Ord41,aa14,Rose,1,Fill,100,1,14725
Ord42,aa15,Rose,2,New,300,1,14725
Ord30,aa15,Rose,2,Fill,100,1,14726
Ord43,aa13,Rose,1,Fill,100,1,14726
Ord39,aa15,Rose,2,Fill,100,1,14727
Ord44,aa14,Rose,1,Fill,100,1,14727
Ord45,aa15,Rose,2,New,300,1,14727
Ord33,aa15,Rose,2,Fill,100,1,14728
Ord46,aa13,Rose,1,Fill,100,1,14728
Ord36,aa15,Rose,2,Fill,100,1,14729
Ord47,aa14,Rose,1,Fill,100,1,14729
Ord48,aa15,Rose,2,New,300,1,14729
Ord39,aa15,Rose,2,Fill,100,1,14731
Ord49,aa13,Rose,1,Fill,100,1,14731
Ord42,aa15,Rose,2,Fill,100,1,14732
Ord50,aa14,Rose,1,Fill,100,1,14732
Ord51,aa15,Rose,2,New,300,1,14732
Ord36,aa15,Rose,2,Fill,100,1,14736
Ord52,aa13,Rose,1,Fill,100,1,14736
Ord48,aa15,Rose,2,Fill,100,1,14737
Ord53,aa14,Rose,1,Fill,100,1,14737
Ord54,aa15,Rose,2,New,300,1,14737
Ord39,aa15,Rose,2,Fill,100,1,14739
Ord55,aa13,Rose,1,Fill,100,1,14739
Ord51,aa15,Rose,2,Fill,100,1,14740
Ord56,aa14,Rose,1,Fill,100,1,14740
Ord57,aa15,Rose,2,New,300,1,14740
Ord42,aa15,Rose,2,Fill,100,1,14741
Ord58,aa13,Rose,1,Fill,100,1,14741
Ord54,aa15,Rose,2,Fill,100,1,14742
Ord59,aa14,Rose,1,Fill,100,1,14743
Ord60,aa15,Rose,2,New,300,1,14743
Ord48,aa15,Rose,2,Fill,100,1,14744
Ord61,aa13,Rose,1,Fill,100,1,14744
Ord57,aa15,Rose,2,Fill,100,1,14745
Ord62,aa14,Rose,1,Fill,100,1,14745
Ord63,aa15,Rose,2,New,300,1,14745
Ord42,aa15,Rose,2,Fill,100,1,14746
Ord64,aa13,Rose,1,Fill,100,1,14746
Ord60,aa15,Rose,2,Fill,100,1,14747
Ord65,aa14,Rose,1,Fill,100,1,14748
Ord66,aa15,Rose,2,New,300,1,14748
Ord48,aa15,Rose,2,Fill,100,1,14749
Ord67,aa13,Rose,1,Fill,100,1,14749
Ord63,aa15,Rose,2,Fill,100,1,14750
Ord68,aa14,Rose,1,Fill,100,1,14750
Ord69,aa15,Rose,2,New,300,1,14750
Ord57,aa15,Rose,2,Fill,100,1,14751
Ord70,aa13,Rose,1,Fill,100,1,14752
Ord66,aa15,Rose,2,Fill,100,1,14753
Ord71,aa14,Rose,1,Fill,100,1,14753
Ord72,aa15,Rose,2,New,300,1,14753
Ord60,aa15,Rose,2,Fill,100,1,14754
Ord73,aa13,Rose,1,Fill,100,1,14754
Ord69,aa15,Rose,2,Fill,100,1,14755
Ord74,aa14,Rose,1,Fill,100,1,14755
Ord75,aa15,Rose,2,New,300,1,14755
Ord57,aa15,Rose,2,Fill,100,1,14757
Ord76,aa13,Rose,1,Fill,100,1,14757
Ord72,aa15,Rose,2,Fill,100,1,14758
Ord77,aa14,Rose,1,Fill,100,1,14779
Ord78,aa15,Rose,2,New,300,1,14779
Ord60,aa15,Rose,2,Fill,100,1,14780
Ord79,aa13,Rose,1,Fill,100,1,14781
Ord75,aa15,Rose,2,Fill,100,1,14782
Ord80,aa14,Rose,1,Fill,100,1,14782
Ord81,aa15,Rose,2,New,300,1,14782
Ord69,aa15,Rose,2,Fill,100,1,14783
Ord82,aa13,Rose,1,Fill,100,1,14783
Ord78,aa15,Rose,2,Fill,100,1,14784
Ord83,aa14,Rose,1,Fill,100,1,14784
Ord84,aa15,Rose,2,New,300,1,14784
Ord72,aa15,Rose,2,Fill,100,1,14786
Ord85,aa13,Rose,1,Fill,100,1,14786
Ord81,aa15,Rose,2,Fill,100,1,14787
Ord86,aa14,Rose,1,Fill,100,1,14787
Ord87,aa15,Rose,2,New,300,1,14787
Ord69,aa15,Rose,2,Fill,100,1,14788
Ord88,aa13,Rose,1,Fill,100,1,14788
Ord84,aa15,Rose,2,Fill,100,1,14789
Ord89,aa14,Rose,1,Fill,100,1,14789
Ord90,aa15,Rose,2,New,300,1,14789
Ord72,aa15,Rose,2,Fill,100,1,14791
Ord91,aa13,Rose,1,Fill,100,1,14791
Ord81,aa15,Rose,2,Fill,100,1,14792
Ord92,aa14,Rose,1,Fill,100,1,14792
Ord93,aa15,Rose,2,New,300,1,14792
Ord87,aa15,Rose,2,Fill,100,1,14793
Ord94,aa13,Rose,1,Fill,100,1,14793
Ord84,aa15,Rose,2,Fill,100,1,14795
Ord95,aa14,Rose,1,Fill,100,1,14795
Ord96,aa15,Rose,2,New,300,1,14795
Ord90,aa15,Rose,2,Fill,100,1,14796
Ord97,aa13,Rose,1,Fill,100,1,14796
Ord81,aa15,Rose,2,Fill,100,1,14797
Ord98,aa14,Rose,1,Fill,100,1,14797
Ord99,aa15,Rose,2,New,300,1,14797
Ord93,aa15,Rose,2,Fill,100,1,14799
Ord100,aa13,Rose,1,Fill,100,1,14799
Ord84,aa15,Rose,2,Fill,100,1,14800
Ord101,aa14,Rose,1,Fill,100,1,14800
Ord102,aa15,Rose,2,New,300,1,14800
Ord96,aa15,Rose,2,Fill,100,1,14802
Ord103,aa13,Rose,1,Fill,100,1,14802
Ord90,aa15,Rose,2,Fill,100,1,14803
Ord104,aa14,Rose,1,Fill,100,1,14803
Ord105,aa15,Rose,2,New,300,1,14803
Ord99,aa15,Rose,2,Fill,100,1,14807
Ord106,aa13,Rose,1,Fill,100,1,14807
Ord93,aa15,Rose,2,Fill,100,1,14808
Ord107,aa14,Rose,1,Fill,100,1,14808
Ord108,aa15,Rose,2,New,300,1,14808
Ord102,aa15,Rose,2,Fill,100,1,14810
Ord109,aa13,Rose,1,Fill,100,1,14810
Ord96,aa15,Rose,2,Fill,100,1,14811
Ord110,aa14,Rose,1,Fill,100,1,14811
Ord111,aa15,Rose,2,New,300,1,14811
Ord105,aa15,Rose,2,Fill,100,1,14812
Ord112,aa13,Rose,1,Fill,100,1,14813
Ord99,aa15,Rose,2,Fill,100,1,14814
Ord113,aa14,Rose,1,Fill,100,1,14814
Ord114,aa15,Rose,2,New,300,1,14814
Ord108,aa15,Rose,2,Fill,100,1,14815
Ord115,aa13,Rose,1,Fill,100,1,14815
Ord102,aa15,Rose,2,Fill,100,1,14816
Ord116,aa14,Rose,1,Fill,100,1,14816
Ord117,aa15,Rose,2,New,300,1,14816
Ord111,aa15,Rose,2,Fill,100,1,14818
Ord118,aa13,Rose,1,Fill,100,1,14818
Ord105,aa15,Rose,2,Fill,100,1,14819
Ord119,aa14,Rose,1,Fill,100,1,14819
Ord120,aa15,Rose,2,New,300,1,14819
Ord114,aa15,Rose,2,Fill,100,1,14821
Ord121,aa13,Rose,1,Fill,100,1,14821
Ord108,aa15,Rose,2,Fill,100,1,14822
Ord122,aa14,Rose,1,Fill,100,1,14822
Ord123,aa15,Rose,2,New,300,1,14822
Ord117,aa15,Rose,2,Fill,100,1,14823
Ord124,aa13,Rose,1,Fill,100,1,14823
Ord111,aa15,Rose,2,Fill,100,1,14825
Ord125,aa14,Rose,1,Fill,100,1,14825
Ord126,aa15,Rose,2,New,300,1,14825
Ord120,aa15,Rose,2,Fill,100,1,14826
Ord127,aa13,Rose,1,Fill,100,1,14826
Ord114,aa15,Rose,2,Fill,100,1,14827
Ord128,aa14,Rose,1,Fill,100,1,14827
Ord129,aa15,Rose,2,New,300,1,14827
Ord123,aa15,Rose,2,Fill,100,1,14829
Ord130,aa13,Rose,1,Fill,100,1,14829
Ord117,aa15,Rose,2,Fill,100,1,14830
Ord131,aa14,Rose,1,Fill,100,1,14830
Ord132,aa15,Rose,2,New,300,1,14830
Ord126,aa15,Rose,2,Fill,100,1,14831
Ord133,aa13,Rose,1,Fill,100,1,14832
Ord120,aa15,Rose,2,Fill,100,1,14833
Ord134,aa14,Rose,1,Fill,100,1,14833
Ord135,aa15,Rose,2,New,300,1,14833
Ord129,aa15,Rose,2,Fill,100,1,14834
Ord136,aa13,Rose,1,Fill,100,1,14834
Ord123,aa15,Rose,2,Fill,100,1,14835
Ord137,aa14,Rose,1,Fill,100,1,14836
Ord138,aa15,Rose,2,New,300,1,14836
Ord132,aa15,Rose,2,Fill,100,1,14837
Ord139,aa13,Rose,1,Fill,100,1,14837
Ord126,aa15,Rose,2,Fill,100,1,14838
Ord140,aa14,Rose,1,Fill,100,1,14838
Ord141,aa15,Rose,2,New,300,1,14838
Ord135,aa15,Rose,2,Fill,100,1,14840
Ord142,aa13,Rose,1,Fill,100,1,14840
Ord129,aa15,Rose,2,Fill,100,1,14841
Ord143,aa14,Rose,1,Fill,100,1,14841
Ord144,aa15,Rose,2,New,300,1,14841
Ord138,aa15,Rose,2,Fill,100,1,14842
Ord145,aa13,Rose,1,Fill,100,1,14843
Ord132,aa15,Rose,2,Fill,100,1,14844
Ord146,aa14,Rose,1,Fill,100,1,14844
Ord147,aa15,Rose,2,New,300,1,14844
Ord141,aa15,Rose,2,Fill,100,1,14845
Ord148,aa13,Rose,1,Fill,100,1,14846
Ord135,aa15,Rose,2,Fill,100,1,14847
Ord149,aa14,Rose,1,Fill,100,1,14847
Ord150,aa15,Rose,2,New,300,1,14847
Ord144,aa15,Rose,2,Fill,100,1,14848
Ord151,aa13,Rose,1,Fill,100,1,14848
Ord138,aa15,Rose,2,Fill,100,1,14849
Ord152,aa14,Rose,1,Fill,100,1,14850
Ord153,aa15,Rose,2,New,300,1,14850
Ord132,aa15,Rose,2,Fill,100,1,14857
Ord154,aa13,Rose,1,Fill,100,1,14932
Ord147,aa15,Rose,2,Fill,100,1,14934
Ord155,aa14,Rose,1,Fill,100,1,14934
Ord156,aa15,Rose,2,New,300,1,14934
Ord135,aa15,Rose,2,Fill,100,1,14935
Ord157,aa13,Rose,1,Fill,100,1,14935
Ord150,aa15,Rose,2,Fill,100,1,14937
Ord158,aa14,Rose,1,Fill,100,1,14937
Ord159,aa15,Rose,2,New,300,1,14937
Ord144,aa15,Rose,2,Fill,100,1,14938
Ord160,aa13,Rose,1,Fill,100,1,14938
Ord153,aa15,Rose,2,Fill,100,1,14939
Ord161,aa14,Rose,1,Fill,100,1,14940
Ord162,aa15,Rose,2,New,300,1,14940
Ord138,aa15,Rose,2,Fill,100,1,14941
Ord163,aa13,Rose,1,Fill,100,1,14941
Ord156,aa15,Rose,2,Fill,100,1,14942
Ord164,aa14,Rose,1,Fill,100,1,14942
Ord165,aa15,Rose,2,New,300,1,14942
Ord147,aa15,Rose,2,Fill,100,1,14944
Ord166,aa13,Rose,1,Fill,100,1,14944
Ord159,aa15,Rose,2,Fill,100,1,14945
Ord167,aa14,Rose,1,Fill,100,1,14945
Ord168,aa15,Rose,2,New,300,1,14945
Ord144,aa15,Rose,2,Fill,100,1,14946
Ord169,aa13,Rose,1,Fill,100,1,14947
Ord162,aa15,Rose,2,Fill,100,1,14948
Ord170,aa14,Rose,1,Fill,100,1,14948
Ord171,aa15,Rose,2,New,300,1,14948
Ord153,aa15,Rose,2,Fill,100,1,14949
Ord172,aa13,Rose,1,Fill,100,1,14950
Ord165,aa15,Rose,2,Fill,100,1,14951
Ord173,aa14,Rose,1,Fill,100,1,14951
Ord174,aa15,Rose,2,New,300,1,14951
Ord147,aa15,Rose,2,Fill,100,1,14952
Ord175,aa13,Rose,1,Fill,100,1,14952
Ord168,aa15,Rose,2,Fill,100,1,14953
Ord176,aa14,Rose,1,Fill,100,1,14953
Ord177,aa15,Rose,2,New,300,1,14953
Ord159,aa15,Rose,2,Fill,100,1,14955
Ord178,aa13,Rose,1,Fill,100,1,14955
Ord171,aa15,Rose,2,Fill,100,1,14956
Ord179,aa14,Rose,1,Fill,100,1,14956
Ord180,aa15,Rose,2,New,300,1,14956
Ord153,aa15,Rose,2,Fill,100,1,14958
Ord181,aa13,Rose,1,Fill,100,1,14958
Ord174,aa15,Rose,2,Fill,100,1,14959
Ord182,aa14,Rose,1,Fill,100,1,14959
Ord183,aa15,Rose,2,New,300,1,14959
Ord165,aa15,Rose,2,Fill,100,1,14961
Ord184,aa13,Rose,1,Fill,100,1,14961
Ord177,aa15,Rose,2,Fill,100,1,14962
Ord185,aa14,Rose,1,Fill,100,1,14962
Ord186,aa15,Rose,2,New,300,1,14962
Ord159,aa15,Rose,2,Fill,100,1,14963
Ord187,aa13,Rose,1,Fill,100,1,14963
Ord180,aa15,Rose,2,Fill,100,1,14964
Ord188,aa14,Rose,1,Fill,100,1,14965
Ord189,aa15,Rose,2,New,300,1,14965
Ord171,aa15,Rose,2,Fill,100,1,14966
Ord190,aa13,Rose,1,Fill,100,1,14966
Ord183,aa15,Rose,2,Fill,100,1,14967
Ord191,aa14,Rose,1,Fill,100,1,14967
Ord192,aa15,Rose,2,New,300,1,14967
Ord165,aa15,Rose,2,Fill,100,1,14969
Ord193,aa13,Rose,1,Fill,100,1,14969
Ord186,aa15,Rose,2,Fill,100,1,14970
Ord194,aa14,Rose,1,Fill,100,1,14970
Ord195,aa15,Rose,2,New,300,1,14970
Ord177,aa15,Rose,2,Fill,100,1,14972
Ord196,aa13,Rose,1,Fill,100,1,14972
Ord189,aa15,Rose,2,Fill,100,1,14973
Ord197,aa14,Rose,1,Fill,100,1,14973
Ord198,aa15,Rose,2,New,300,1,14973
Ord171,aa15,Rose,2,Fill,100,1,14974
Ord199,aa13,Rose,1,Fill,100,1,14974
Ord192,aa15,Rose,2,Fill,100,1,14976
Ord200,aa14,Rose,1,Fill,100,1,14976
Ord201,aa15,Rose,2,New,300,1,14976
Ord183,aa15,Rose,2,Fill,100,1,14977
Ord202,aa13,Rose,1,Fill,100,1,14977
Ord195,aa15,Rose,2,Fill,100,1,14978
Ord203,aa14,Rose,1,Fill,100,1,14979
Ord204,aa15,Rose,2,New,300,1,14979
Ord177,aa15,Rose,2,Fill,100,1,14980
Ord205,aa13,Rose,1,Fill,100,1,14980
Ord198,aa15,Rose,2,Fill,100,1,14981
Ord206,aa14,Rose,1,Fill,100,1,14981
Ord207,aa15,Rose,2,New,300,1,14981
Ord189,aa15,Rose,2,Fill,100,1,14983
Ord208,aa13,Rose,1,Fill,100,1,14983
Ord201,aa15,Rose,2,Fill,100,1,14984
Ord209,aa14,Rose,1,Fill,100,1,14984
Ord210,aa15,Rose,2,New,300,1,14984
Ord183,aa15,Rose,2,Fill,100,1,14985
Ord211,aa13,Rose,1,Fill,100,1,14985
Ord204,aa15,Rose,2,Fill,100,1,14987
Ord212,aa14,Rose,1,Fill,100,1,14987
Ord213,aa15,Rose,2,New,300,1,14987
Ord195,aa15,Rose,2,Fill,100,1,14988
Ord214,aa13,Rose,1,Fill,100,1,14988
Ord207,aa15,Rose,2,Fill,100,1,14990
Ord215,aa14,Rose,1,Fill,100,1,14990
Ord216,aa15,Rose,2,New,300,1,14990
Ord189,aa15,Rose,2,Fill,100,1,14991
Ord217,aa13,Rose,1,Fill,100,1,14991
Ord210,aa15,Rose,2,Fill,100,1,14992
Ord218,aa14,Rose,1,Fill,100,1,14993
Ord219,aa15,Rose,2,New,300,1,14993
Ord201,aa15,Rose,2,Fill,100,1,14994
Ord220,aa13,Rose,1,Fill,100,1,14994
Ord213,aa15,Rose,2,Fill,100,1,14995
Ord221,aa14,Rose,1,Fill,100,1,14995
Ord222,aa15,Rose,2,New,300,1,14995
Ord195,aa15,Rose,2,Fill,100,1,14997
Ord223,aa13,Rose,1,Fill,100,1,14997
Ord216,aa15,Rose,2,Fill,100,1,14998
Ord224,aa14,Rose,1,Fill,100,1,14998
Ord225,aa15,Rose,2,New,300,1,14998
Ord207,aa15,Rose,2,Fill,100,1,15000
Ord226,aa13,Rose,1,Fill,100,1,15000
Ord219,aa15,Rose,2,Fill,100,1,15001
Ord227,aa14,Rose,1,Fill,100,1,15001
Ord228,aa15,Rose,2,New,300,1,15001
Ord201,aa15,Rose,2,Fill,100,1,15002
Ord229,aa13,Rose,1,Fill,100,1,15002
Ord222,aa15,Rose,2,Fill,100,1,15004
Ord230,aa14,Rose,1,Fill,100,1,15004
Ord231,aa15,Rose,2,New,300,1,15004
Ord213,aa15,Rose,2,Fill,100,1,15005
Ord232,aa13,Rose,1,Fill,100,1,15005
Ord225,aa15,Rose,2,Fill,100,1,15006
Ord233,aa14,Rose,1,Fill,100,1,15007
Ord234,aa15,Rose,2,New,300,1,15007
Ord207,aa15,Rose,2,Fill,100,1,15008
Ord235,aa13,Rose,1,Fill,100,1,15008
Ord228,aa15,Rose,2,Fill,100,1,15009
Ord236,aa14,Rose,1,Fill,100,1,15009
Ord237,aa15,Rose,2,New,300,1,15009
Ord219,aa15,Rose,2,Fill,100,1,15011
Ord238,aa13,Rose,1,Fill,100,1,15011
Ord231,aa15,Rose,2,Fill,100,1,15012
Ord239,aa14,Rose,1,Fill,100,1,15012
Ord240,aa15,Rose,2,New,300,1,15012
Ord213,aa15,Rose,2,Fill,100,1,15014
Ord241,aa13,Rose,1,Fill,100,1,15014
Ord234,aa15,Rose,2,Fill,100,1,15015
Ord242,aa14,Rose,1,Fill,100,1,15015
Ord243,aa15,Rose,2,New,300,1,15015
Ord225,aa15,Rose,2,Fill,100,1,15016
Ord244,aa13,Rose,1,Fill,100,1,15017
Ord237,aa15,Rose,2,Fill,100,1,15018
Ord245,aa14,Rose,1,Fill,100,1,15018
Ord246,aa15,Rose,2,New,300,1,15018
Ord219,aa15,Rose,2,Fill,100,1,15019
Ord247,aa13,Rose,1,Fill,100,1,15019
Ord240,aa15,Rose,2,Fill,100,1,15020
Ord248,aa14,Rose,1,Fill,100,1,15021
Ord249,aa15,Rose,2,New,300,1,15021
Ord231,aa15,Rose,2,Fill,100,1,15022
Ord250,aa13,Rose,1,Fill,100,1,15022
Ord243,aa15,Rose,2,Fill,100,1,15023
Ord251,aa14,Rose,1,Fill,100,1,15023
Ord252,aa15,Rose,2,New,300,1,15023
Ord225,aa15,Rose,2,Fill,100,1,15025
Ord253,aa13,Rose,1,Fill,100,1,15025
Ord246,aa15,Rose,2,Fill,100,1,15026
Ord254,aa14,Rose,1,Fill,100,1,15026
Ord255,aa15,Rose,2,New,300,1,15026
Ord237,aa15,Rose,2,Fill,100,1,15028
Ord256,aa13,Rose,1,Fill,100,1,15028
Ord249,aa15,Rose,2,Fill,100,1,15029
Ord257,aa14,Rose,1,Fill,100,1,15029
Ord258,aa15,Rose,2,New,300,1,15029
Ord231,aa15,Rose,2,Fill,100,1,15030
Ord259,aa13,Rose,1,Fill,100,1,15030
Ord252,aa15,Rose,2,Fill,100,1,15031
Ord260,aa14,Rose,1,Fill,100,1,15032
Ord261,aa15,Rose,2,New,300,1,15032
Ord243,aa15,Rose,2,Fill,100,1,15033
Ord262,aa13,Rose,1,Fill,100,1,15033
Ord255,aa15,Rose,2,Fill,100,1,15034
Ord263,aa14,Rose,1,Fill,100,1,15034
Ord264,aa15,Rose,2,New,300,1,15034
Ord237,aa15,Rose,2,Fill,100,1,15036
Ord265,aa13,Rose,1,Fill,100,1,15036
Ord258,aa15,Rose,2,Fill,100,1,15037
Ord266,aa14,Rose,1,Fill,100,1,15037
Ord267,aa15,Rose,2,New,300,1,15037
Ord249,aa15,Rose,2,Fill,100,1,15039
Ord268,aa13,Rose,1,Fill,100,1,15039
Ord261,aa15,Rose,2,Fill,100,1,15040
Ord269,aa14,Rose,1,Fill,100,1,15040
Ord270,aa15,Rose,2,New,300,1,15040
Ord243,aa15,Rose,2,Fill,100,1,15041
Ord271,aa13,Rose,1,Fill,100,1,15041
Ord264,aa15,Rose,2,Fill,100,1,15043
Ord272,aa14,Rose,1,Fill,100,1,15043
Ord273,aa15,Rose,2,New,300,1,15043
Ord255,aa15,Rose,2,Fill,100,1,15044
Ord274,aa13,Rose,1,Fill,100,1,15044
Ord267,aa15,Rose,2,Fill,100,1,15045
Ord275,aa14,Rose,1,Fill,100,1,15046
Ord276,aa15,Rose,2,New,300,1,15046
Ord249,aa15,Rose,2,Fill,100,1,15047
Ord277,aa13,Rose,1,Fill,100,1,15047
Ord270,aa15,Rose,2,Fill,100,1,15048
Ord278,aa14,Rose,1,Fill,100,1,15048
Ord279,aa15,Rose,2,New,300,1,15048
Ord261,aa15,Rose,2,Fill,100,1,15050
Ord280,aa13,Rose,1,Fill,100,1,15050
Ord273,aa15,Rose,2,Fill,100,1,15051
Ord281,aa14,Rose,1,Fill,100,1,15051
Ord282,aa15,Rose,2,New,300,1,15051
Ord255,aa15,Rose,2,Fill,100,1,15053
Ord283,aa13,Rose,1,Fill,100,1,15053
Ord276,aa15,Rose,2,Fill,100,1,15054
Ord284,aa14,Rose,1,Fill,100,1,15054
Ord285,aa15,Rose,2,New,300,1,15054
Ord267,aa15,Rose,2,Fill,100,1,15055
Ord286,aa13,Rose,1,Fill,100,1,15056
Ord279,aa15,Rose,2,Fill,100,1,15057
Ord287,aa14,Rose,1,Fill,100,1,15057
Ord288,aa15,Rose,2,New,300,1,15057
Ord261,aa15,Rose,2,Fill,100,1,15058
Ord289,aa13,Rose,1,Fill,100,1,15058
Ord282,aa15,Rose,2,Fill,100,1,15060
Ord290,aa14,Rose,1,Fill,100,1,15060
Ord291,aa15,Rose,2,New,300,1,15060
Ord273,aa15,Rose,2,Fill,100,1,15061
Ord292,aa13,Rose,1,Fill,100,1,15061
Ord285,aa15,Rose,2,Fill,100,1,15062
Ord293,aa14,Rose,1,Fill,100,1,15063
Ord294,aa15,Rose,2,New,300,1,15063
Ord267,aa15,Rose,2,Fill,100,1,15064
Ord295,aa13,Rose,1,Fill,100,1,15064
Ord288,aa15,Rose,2,Fill,100,1,15065
Ord296,aa14,Rose,1,Fill,100,1,15065
Ord297,aa15,Rose,2,New,300,1,15065
Ord279,aa15,Rose,2,Fill,100,1,15067
Ord298,aa13,Rose,1,Fill,100,1,15067
Ord291,aa15,Rose,2,Fill,100,1,15068
Ord299,aa14,Rose,1,Fill,100,1,15068
Ord300,aa15,Rose,2,New,300,1,15068
Ord273,aa15,Rose,2,Fill,100,1,15070
Ord301,aa13,Rose,1,Fill,100,1,15070
Ord294,aa15,Rose,2,Fill,100,1,15071
Ord302,aa14,Rose,1,Fill,100,1,15071
Ord303,aa15,Rose,2,New,300,1,15071
Ord285,aa15,Rose,2,Fill,100,1,15073
Ord304,aa13,Rose,1,Fill,100,1,15073
Ord297,aa15,Rose,2,Fill,100,1,15074
Ord305,aa14,Rose,1,Fill,100,1,15074
Ord306,aa15,Rose,2,New,300,1,15074
Ord279,aa15,Rose,2,Fill,100,1,15075
Ord307,aa13,Rose,1,Fill,100,1,15075
Ord300,aa15,Rose,2,Fill,100,1,15190
Ord308,aa14,Rose,1,Fill,100,1,15191
Ord309,aa15,Rose,2,New,300,1,15191
Ord291,aa15,Rose,2,Fill,100,1,15192
Ord310,aa13,Rose,1,Fill,100,1,15192
Ord303,aa15,Rose,2,Fill,100,1,15193
Ord311,aa14,Rose,1,Fill,100,1,15193
Ord312,aa15,Rose,2,New,300,1,15193
Ord285,aa15,Rose,2,Fill,100,1,15195
Ord313,aa13,Rose,1,Fill,100,1,15195
Ord306,aa15,Rose,2,Fill,100,1,15196
Ord314,aa14,Rose,1,Fill,100,1,15196
Ord315,aa15,Rose,2,New,300,1,15196
Ord297,aa15,Rose,2,Fill,100,1,15198
Ord316,aa13,Rose,1,Fill,100,1,15198
Ord309,aa15,Rose,2,Fill,100,1,15199
Ord317,aa14,Rose,1,Fill,100,1,15199
Ord318,aa15,Rose,2,New,300,1,15199
Ord291,aa15,Rose,2,Fill,100,1,15201
Ord319,aa13,Rose,1,Fill,100,1,15201
Ord312,aa15,Rose,2,Fill,100,1,15202
Ord320,aa14,Rose,1,Fill,100,1,15202
Ord321,aa15,Rose,2,New,300,1,15202
Ord303,aa15,Rose,2,Fill,100,1,15203
Ord322,aa13,Rose,1,Fill,100,1,15203
Ord315,aa15,Rose,2,Fill,100,1,15205
Ord323,aa14,Rose,1,Fill,100,1,15205
Ord324,aa15,Rose,2,New,300,1,15205
Ord297,aa15,Rose,2,Fill,100,1,15206
Ord325,aa13,Rose,1,Fill,100,1,15206
Ord318,aa15,Rose,2,Fill,100,1,15207
Ord326,aa14,Rose,1,Fill,100,1,15207
Ord327,aa15,Rose,2,New,300,1,15207
Ord309,aa15,Rose,2,Fill,100,1,15209
Ord328,aa13,Rose,1,Fill,100,1,15209
Ord321,aa15,Rose,2,Fill,100,1,15210
Ord329,aa14,Rose,1,Fill,100,1,15210
Ord330,aa15,Rose,2,New,300,1,15210
Ord303,aa15,Rose,2,Fill,100,1,15211
Ord331,aa13,Rose,1,Fill,100,1,15212
Ord324,aa15,Rose,2,Fill,100,1,15213
Ord332,aa14,Rose,1,Fill,100,1,15213
Ord333,aa15,Rose,2,New,300,1,15213
Ord315,aa15,Rose,2,Fill,100,1,15214
Ord334,aa13,Rose,1,Fill,100,1,15214
Ord327,aa15,Rose,2,Fill,100,1,15216
Ord335,aa14,Rose,1,Fill,100,1,15216
Ord336,aa15,Rose,2,New,300,1,15216
Ord309,aa15,Rose,2,Fill,100,1,15217
Ord337,aa13,Rose,1,Fill,100,1,15217
Ord330,aa15,Rose,2,Fill,100,1,15218
Ord338,aa14,Rose,1,Fill,100,1,15218
Ord339,aa15,Rose,2,New,300,1,15218
Ord321,aa15,Rose,2,Fill,100,1,15220
Ord340,aa13,Rose,1,Fill,100,1,15220
Ord333,aa15,Rose,2,Fill,100,1,15221
Ord341,aa14,Rose,1,Fill,100,1,15221
Ord342,aa15,Rose,2,New,300,1,15221
Ord315,aa15,Rose,2,Fill,100,1,15223
Ord343,aa13,Rose,1,Fill,100,1,15223
Ord327,aa15,Rose,2,Fill,100,1,15224
Ord344,aa14,Rose,1,Fill,100,1,15224
Ord345,aa15,Rose,2,New,300,1,15224
Ord336,aa15,Rose,2,Fill,100,1,15226
Ord346,aa13,Rose,1,Fill,100,1,15226
Ord330,aa15,Rose,2,Fill,100,1,15227
Ord347,aa14,Rose,1,Fill,100,1,15227
Ord348,aa15,Rose,2,New,300,1,15227
Ord339,aa15,Rose,2,Fill,100,1,15250
Ord349,aa13,Rose,1,Fill,100,1,15250
Ord333,aa15,Rose,2,Fill,100,1,15252
Ord350,aa14,Rose,1,Fill,100,1,15252
Ord351,aa15,Rose,2,New,300,1,15252
Ord321,aa15,Rose,2,Fill,100,1,15253
Ord352,aa13,Rose,1,Fill,100,1,15253
Ord327,aa15,Rose,2,Fill,100,1,15254
Ord353,aa14,Rose,1,Fill,100,1,15254
Ord354,aa15,Rose,2,New,300,1,15254
Ord345,aa15,Rose,2,Fill,100,1,15256
Ord355,aa13,Rose,1,Fill,100,1,15256
Ord336,aa15,Rose,2,Fill,100,1,15257
Ord356,aa14,Rose,1,Fill,100,1,15257
Ord357,aa15,Rose,2,New,300,1,15257
Ord348,aa15,Rose,2,Fill,100,1,15259
Ord358,aa13,Rose,1,Fill,100,1,15259
Ord339,aa15,Rose,2,Fill,100,1,15260
Ord359,aa14,Rose,1,Fill,100,1,15260
Ord360,aa15,Rose,2,New,300,1,15260
Ord351,aa15,Rose,2,Fill,100,1,15262
Ord361,aa13,Rose,1,Fill,100,1,15262
Ord333,aa15,Rose,2,Fill,100,1,15263
Ord362,aa14,Rose,1,Fill,100,1,15263
Ord363,aa15,Rose,2,New,300,1,15263
Ord354,aa15,Rose,2,Fill,100,1,15265
Ord364,aa13,Rose,1,Fill,100,1,15265
Ord345,aa15,Rose,2,Fill,100,1,15266
Ord365,aa14,Rose,1,Fill,100,1,15266
Ord366,aa15,Rose,2,New,300,1,15266
Ord357,aa15,Rose,2,Fill,100,1,15268
Ord367,aa13,Rose,1,Fill,100,1,15268
Ord348,aa15,Rose,2,Fill,100,1,15269
Ord368,aa14,Rose,1,Fill,100,1,15269
Ord369,aa15,Rose,2,New,300,1,15269
Ord360,aa15,Rose,2,Fill,100,1,15271
Ord370,aa13,Rose,1,Fill,100,1,15271
Ord351,aa15,Rose,2,Fill,100,1,15272
Ord371,aa14,Rose,1,Fill,100,1,15272
Ord372,aa15,Rose,2,New,300,1,15272
Ord363,aa15,Rose,2,Fill,100,1,15273
Ord373,aa13,Rose,1,Fill,100,1,15274
Ord354,aa15,Rose,2,Fill,100,1,15275
Ord374,aa14,Rose,1,Fill,100,1,15275
Ord375,aa15,Rose,2,New,300,1,15275
Ord366,aa15,Rose,2,Fill,100,1,15276
Ord376,aa13,Rose,1,Fill,100,1,15276
Ord357,aa15,Rose,2,Fill,100,1,15278
Ord377,aa14,Rose,1,Fill,100,1,15278
Ord378,aa15,Rose,2,New,300,1,15278
Ord369,aa15,Rose,2,Fill,100,1,15279
Ord379,aa13,Rose,1,Fill,100,1,15279
Ord360,aa15,Rose,2,Fill,100,1,15281
Ord380,aa14,Rose,1,Fill,100,1,15281
Ord381,aa15,Rose,2,New,300,1,15281
Ord372,aa15,Rose,2,Fill,100,1,15282
Ord382,aa13,Rose,1,Fill,100,1,15282
Ord363,aa15,Rose,2,Fill,100,1,15283
Ord383,aa14,Rose,1,Fill,100,1,15284
Ord384,aa15,Rose,2,New,300,1,15284
Ord375,aa15,Rose,2,Fill,100,1,15285
Ord385,aa13,Rose,1,Fill,100,1,15285
Ord366,aa15,Rose,2,Fill,100,1,15286
Ord386,aa14,Rose,1,Fill,100,1,15286
Ord387,aa15,Rose,2,New,300,1,15286
Ord378,aa15,Rose,2,Fill,100,1,15288
Ord388,aa13,Rose,1,Fill,100,1,15288
Ord369,aa15,Rose,2,Fill,100,1,15289
Ord389,aa14,Rose,1,Fill,100,1,15289
Ord390,aa15,Rose,2,New,300,1,15289
Ord381,aa15,Rose,2,Fill,100,1,15291
Ord391,aa13,Rose,1,Fill,100,1,15291
Ord372,aa15,Rose,2,Fill,100,1,15292
Ord392,aa14,Rose,1,Fill,100,1,15292
Ord393,aa15,Rose,2,New,300,1,15292
Ord384,aa15,Rose,2,Fill,100,1,15294
Ord394,aa13,Rose,1,Fill,100,1,15294
Ord375,aa15,Rose,2,Fill,100,1,15295
Ord395,aa14,Rose,1,Fill,100,1,15295
Ord396,aa15,Rose,2,New,300,1,15295
Ord387,aa15,Rose,2,Fill,100,1,15297
Ord397,aa13,Rose,1,Fill,100,1,15297
Ord378,aa15,Rose,2,Fill,100,1,15298
Ord398,aa14,Rose,1,Fill,100,1,15298
Ord399,aa15,Rose,2,New,300,1,15298
Ord390,aa15,Rose,2,Fill,100,1,15299
Ord400,aa13,Rose,1,Fill,100,1,15300
Ord381,aa15,Rose,2,Fill,100,1,15301
Ord401,aa14,Rose,1,Fill,100,1,15301
Ord402,aa15,Rose,2,New,300,1,15301
Ord393,aa15,Rose,2,Fill,100,1,15302
Ord403,aa13,Rose,1,Fill,100,1,15302
Ord384,aa15,Rose,2,Fill,100,1,15304
Ord404,aa14,Rose,1,Fill,100,1,15304
Ord405,aa15,Rose,2,New,300,1,15304
Ord396,aa15,Rose,2,Fill,100,1,15305
Ord406,aa13,Rose,1,Fill,100,1,15305
Ord387,aa15,Rose,2,Fill,100,1,15307
Ord407,aa14,Rose,1,Fill,100,1,15307
Ord408,aa15,Rose,2,New,300,1,15307
Ord399,aa15,Rose,2,Fill,100,1,15308
Ord409,aa13,Rose,1,Fill,100,1,15308
Ord390,aa15,Rose,2,Fill,100,1,15309
Ord410,aa14,Rose,1,Fill,100,1,15310
Ord411,aa15,Rose,2,New,300,1,15310
Ord402,aa15,Rose,2,Fill,100,1,15311
Ord412,aa13,Rose,1,Fill,100,1,15311
Ord393,aa15,Rose,2,Fill,100,1,15312
Ord413,aa14,Rose,1,Fill,100,1,15312
Ord414,aa15,Rose,2,New,300,1,15312
Ord405,aa15,Rose,2,Fill,100,1,15314
Ord415,aa13,Rose,1,Fill,100,1,15314
Ord396,aa15,Rose,2,Fill,100,1,15315
Ord416,aa14,Rose,1,Fill,100,1,15315
Ord417,aa15,Rose,2,New,300,1,15315
Ord408,aa15,Rose,2,Fill,100,1,15317
Ord418,aa13,Rose,1,Fill,100,1,15317
Ord399,aa15,Rose,2,Fill,100,1,15318
Ord419,aa14,Rose,1,Fill,100,1,15318
Ord420,aa15,Rose,2,New,300,1,15318
Ord411,aa15,Rose,2,Fill,100,1,15320
Ord421,aa13,Rose,1,Fill,100,1,15320
Ord402,aa15,Rose,2,Fill,100,1,15321
Ord422,aa14,Rose,1,Fill,100,1,15321
Ord423,aa15,Rose,2,New,300,1,15321
Ord414,aa15,Rose,2,Fill,100,1,15323
Ord424,aa13,Rose,1,Fill,100,1,15323
Ord405,aa15,Rose,2,Fill,100,1,15324
Ord425,aa14,Rose,1,Fill,100,1,15324
Ord426,aa15,Rose,2,New,300,1,15324
Ord417,aa15,Rose,2,Fill,100,1,15326
Ord427,aa13,Rose,1,Fill,100,1,15326
Ord408,aa15,Rose,2,Fill,100,1,15327
Ord428,aa14,Rose,1,Fill,100,1,15327
Ord429,aa15,Rose,2,New,300,1,15327
Ord420,aa15,Rose,2,Fill,100,1,15329
Ord430,aa13,Rose,1,Fill,100,1,15329
Ord411,aa15,Rose,2,Fill,100,1,15330
Ord431,aa14,Rose,1,Fill,100,1,15330
Ord432,aa15,Rose,2,New,300,1,15330
Ord423,aa15,Rose,2,Fill,100,1,15332
Ord433,aa13,Rose,1,Fill,100,1,15332
Ord414,aa15,Rose,2,Fill,100,1,15333
Ord434,aa14,Rose,1,Fill,100,1,15333
Ord435,aa15,Rose,2,New,300,1,15333
Ord426,aa15,Rose,2,Fill,100,1,15334
Ord436,aa13,Rose,1,Fill,100,1,15334
Ord417,aa15,Rose,2,Fill,100,1,15336
Ord437,aa14,Rose,1,Fill,100,1,15336
Ord438,aa15,Rose,2,New,300,1,15336
Ord429,aa15,Rose,2,Fill,100,1,15337
Ord439,aa13,Rose,1,Fill,100,1,15337
Ord420,aa15,Rose,2,Fill,100,1,15339
Ord440,aa14,Rose,1,Fill,100,1,15339
Ord441,aa15,Rose,2,New,300,1,15339
Ord432,aa15,Rose,2,Fill,100,1,15340
Ord442,aa13,Rose,1,Fill,100,1,15340
Ord423,aa15,Rose,2,Fill,100,1,15341
Ord443,aa14,Rose,1,Fill,100,1,15341
Ord444,aa15,Rose,2,New,300,1,15341
Ord435,aa15,Rose,2,Fill,100,1,15343
Ord445,aa13,Rose,1,Fill,100,1,15343
Ord426,aa15,Rose,2,Fill,100,1,15344
Ord446,aa14,Rose,1,Fill,100,1,15344
Ord447,aa15,Rose,2,New,300,1,15344
Ord438,aa15,Rose,2,Fill,100,1,15346
Ord448,aa13,Rose,1,Fill,100,1,15346
Ord429,aa15,Rose,2,Fill,100,1,15347
Ord449,aa14,Rose,1,Fill,100,1,15347
Ord450,aa15,Rose,2,New,300,1,15347
Ord441,aa15,Rose,2,Fill,100,1,15349
Ord451,aa13,Rose,1,Fill,100,1,15349
Ord432,aa15,Rose,2,Fill,100,1,15350
Ord452,aa14,Rose,1,Fill,100,1,15350
Ord453,aa15,Rose,2,New,300,1,15350
Ord444,aa15,Rose,2,Fill,100,1,15352
Ord454,aa13,Rose,1,Fill,100,1,15352
Ord435,aa15,Rose,2,Fill,100,1,15353
Ord455,aa14,Rose,1,Fill,100,1,15353
Ord456,aa15,Rose,2,New,300,1,15353
Ord447,aa15,Rose,2,Fill,100,1,15355
Ord457,aa13,Rose,1,Fill,100,1,15355
Ord438,aa15,Rose,2,Fill,100,1,15356
Ord458,aa14,Rose,1,Fill,100,1,15356
Ord459,aa15,Rose,2,New,300,1,15356
Ord450,aa15,Rose,2,Fill,100,1,15357
Ord460,aa13,Rose,1,Fill,100,1,15358
Ord441,aa15,Rose,2,Fill,100,1,15359
Ord461,aa14,Rose,1,Fill,100,1,15359
Ord462,aa15,Rose,2,New,300,1,15359
Ord453,aa15,Rose,2,Fill,100,1,15360
Ord463,aa13,Rose,1,Fill,100,1,15360
Ord444,aa15,Rose,2,Fill,100,1,15361
Ord464,aa14,Rose,1,Fill,100,1,15362
Ord465,aa15,Rose,2,New,300,1,15362
Ord456,aa15,Rose,2,Fill,100,1,15363
Ord466,aa13,Rose,1,Fill,100,1,15363
Ord447,aa15,Rose,2,Fill,100,1,15364
Ord467,aa14,Rose,1,Fill,100,1,15365
Ord468,aa15,Rose,2,New,300,1,15365
Ord459,aa15,Rose,2,Fill,100,1,15366
Ord469,aa13,Rose,1,Fill,100,1,15366
Ord450,aa15,Rose,2,Fill,100,1,15367
Ord470,aa14,Rose,1,Fill,100,1,15367
Ord471,aa15,Rose,2,New,300,1,15367
Ord462,aa15,Rose,2,Fill,100,1,15369
Ord472,aa13,Rose,1,Fill,100,1,15369
Ord453,aa15,Rose,2,Fill,100,1,15370
Ord473,aa14,Rose,1,Fill,100,1,15370
Ord474,aa15,Rose,2,New,300,1,15370
Ord465,aa15,Rose,2,Fill,100,1,15372
Ord475,aa13,Rose,1,Fill,100,1,15372
Ord456,aa15,Rose,2,Fill,100,1,15373
Ord476,aa14,Rose,1,Fill,100,1,15373
Ord477,aa15,Rose,2,New,300,1,15373
Ord468,aa15,Rose,2,Fill,100,1,15375
Ord478,aa13,Rose,1,Fill,100,1,15375
Ord459,aa15,Rose,2,Fill,100,1,15376
Ord479,aa14,Rose,1,Fill,100,1,15376
Ord480,aa15,Rose,2,New,300,1,15376
Ord471,aa15,Rose,2,Fill,100,1,15377
Ord481,aa13,Rose,1,Fill,100,1,15378
Ord462,aa15,Rose,2,Fill,100,1,15379
Ord482,aa14,Rose,1,Fill,100,1,15379
Ord483,aa15,Rose,2,New,300,1,15379
Ord474,aa15,Rose,2,Fill,100,1,15380
Ord484,aa13,Rose,1,Fill,100,1,15380
Ord465,aa15,Rose,2,Fill,100,1,15382
Ord485,aa14,Rose,1,Fill,100,1,15382
Ord486,aa15,Rose,2,New,300,1,15382
Ord477,aa15,Rose,2,Fill,100,1,15383
Ord487,aa13,Rose,1,Fill,100,1,15383
Ord468,aa15,Rose,2,Fill,100,1,15384
Ord488,aa14,Rose,1,Fill,100,1,15385
Ord489,aa15,Rose,2,New,300,1,15385
Ord480,aa15,Rose,2,Fill,100,1,15386
Ord490,aa13,Rose,1,Fill,100,1,15386
Ord471,aa15,Rose,2,Fill,100,1,15387
Ord491,aa14,Rose,1,Fill,100,1,15387
Ord492,aa15,Rose,2,New,300,1,15387
Ord483,aa15,Rose,2,Fill,100,1,15389
Ord493,aa13,Rose,1,Fill,100,1,15389
Ord474,aa15,Rose,2,Fill,100,1,15390
Ord494,aa14,Rose,1,Fill,100,1,15390
Ord495,aa15,Rose,2,New,300,1,15390
Ord486,aa15,Rose,2,Fill,100,1,15392
Ord496,aa13,Rose,1,Fill,100,1,15392
Ord477,aa15,Rose,2,Fill,100,1,15393
Ord497,aa14,Rose,1,Fill,100,1,15393
Ord498,aa15,Rose,2,New,300,1,15393
Ord489,aa15,Rose,2,Fill,100,1,15395
Ord499,aa13,Rose,1,Fill,100,1,15395
Ord480,aa15,Rose,2,Fill,100,1,15396
Ord500,aa14,Rose,1,Fill,100,1,15396
Ord501,aa15,Rose,2,New,300,1,15396
Ord492,aa15,Rose,2,Fill,100,1,15397
Ord502,aa13,Rose,1,Fill,100,1,15397
Ord483,aa15,Rose,2,Fill,100,1,15399
Ord503,aa14,Rose,1,Fill,100,1,15399
Ord504,aa15,Rose,2,New,300,1,15399
Ord495,aa15,Rose,2,Fill,100,1,15400
Ord505,aa13,Rose,1,Fill,100,1,15400
Ord486,aa15,Rose,2,Fill,100,1,15401
Ord506,aa14,Rose,1,Fill,100,1,15402
Ord507,aa15,Rose,2,New,300,1,15402
Ord498,aa15,Rose,2,Fill,100,1,15403
Ord508,aa13,Rose,1,Fill,100,1,15403
Ord489,aa15,Rose,2,Fill,100,1,15404
Ord509,aa14,Rose,1,Fill,100,1,15405
Ord510,aa15,Rose,2,New,300,1,15405
Ord501,aa15,Rose,2,Fill,100,1,15406
Ord511,aa13,Rose,1,Fill,100,1,15406
Ord492,aa15,Rose,2,Fill,100,1,15407
Ord512,aa14,Rose,1,Fill,100,1,15407
Ord513,aa15,Rose,2,New,300,1,15407
Ord504,aa15,Rose,2,Fill,100,1,15409
Ord514,aa13,Rose,1,Fill,100,1,15409
Ord495,aa15,Rose,2,Fill,100,1,15410
Ord515,aa14,Rose,1,Fill,100,1,15410
Ord516,aa15,Rose,2,New,300,1,15410
Ord507,aa15,Rose,2,Fill,100,1,15412
Ord517,aa13,Rose,1,Fill,100,1,15412
Ord498,aa15,Rose,2,Fill,100,1,15413
Ord518,aa14,Rose,1,Fill,100,1,15413
Ord519,aa15,Rose,2,New,300,1,15413
Ord510,aa15,Rose,2,Fill,100,1,15415
Ord520,aa13,Rose,1,Fill,100,1,15415
Ord501,aa15,Rose,2,Fill,100,1,15416
Ord521,aa14,Rose,1,Fill,100,1,15416
Ord522,aa15,Rose,2,New,300,1,15416
Ord513,aa15,Rose,2,Fill,100,1,15418
Ord523,aa13,Rose,1,Fill,100,1,15418
Ord504,aa15,Rose,2,Fill,100,1,15419
Ord524,aa14,Rose,1,Fill,100,1,15419
Ord525,aa15,Rose,2,New,300,1,15419
Ord516,aa15,Rose,2,Fill,100,1,15420
Ord526,aa13,Rose,1,Fill,100,1,15420
Ord507,aa15,Rose,2,Fill,100,1,15422
Ord527,aa14,Rose,1,Fill,100,1,15422
Ord528,aa15,Rose,2,New,300,1,15422
Ord519,aa15,Rose,2,Fill,100,1,15423
Ord529,aa13,Rose,1,Fill,100,1,15423
Ord510,aa15,Rose,2,Fill,100,1,15425
Ord530,aa14,Rose,1,Fill,100,1,15425
Ord531,aa15,Rose,2,New,300,1,15425
Ord522,aa15,Rose,2,Fill,100,1,15426
Ord532,aa13,Rose,1,Fill,100,1,15426
Ord513,aa15,Rose,2,Fill,100,1,15427
Ord533,aa14,Rose,1,Fill,100,1,15427
Ord534,aa15,Rose,2,New,300,1,15427
Ord525,aa15,Rose,2,Fill,100,1,15429
Ord535,aa13,Rose,1,Fill,100,1,15429
Ord516,aa15,Rose,2,Fill,100,1,15430
Ord536,aa14,Rose,1,Fill,100,1,15430
Ord537,aa15,Rose,2,New,300,1,15430
Ord528,aa15,Rose,2,Fill,100,1,15432
Ord538,aa13,Rose,1,Fill,100,1,15432
Ord519,aa15,Rose,2,Fill,100,1,15433
Ord539,aa14,Rose,1,Fill,100,1,15433
Ord540,aa15,Rose,2,New,300,1,15433
Ord531,aa15,Rose,2,Fill,100,1,15435
Ord541,aa13,Rose,1,Fill,100,1,15435
Ord522,aa15,Rose,2,Fill,100,1,15436
Ord542,aa14,Rose,1,Fill,100,1,15436
Ord543,aa15,Rose,2,New,300,1,15436
Ord534,aa15,Rose,2,Fill,100,1,15437
Ord544,aa13,Rose,1,Fill,100,1,15438
Ord525,aa15,Rose,2,Fill,100,1,15439
Ord545,aa14,Rose,1,Fill,100,1,15439
Ord546,aa15,Rose,2,New,300,1,15439
Ord537,aa15,Rose,2,Fill,100,1,15441
Ord547,aa13,Rose,1,Fill,100,1,15441
Ord528,aa15,Rose,2,Fill,100,1,15442
Ord548,aa14,Rose,1,Fill,100,1,15442
Ord549,aa15,Rose,2,New,300,1,15442
Ord540,aa15,Rose,2,Fill,100,1,15462
Ord550,aa13,Rose,1,Fill,100,1,15462
Ord531,aa15,Rose,2,Fill,100,1,15463
Ord551,aa14,Rose,1,Fill,100,1,15463
Ord552,aa15,Rose,2,New,300,1,15463
Ord522,aa15,Rose,2,Fill,100,1,15465
Ord553,aa13,Rose,1,Fill,100,1,15465
Ord543,aa15,Rose,2,Fill,100,1,15466
Ord554,aa14,Rose,1,Fill,100,1,15466
Ord555,aa15,Rose,2,New,300,1,15466
Ord525,aa15,Rose,2,Fill,100,1,15468
Ord556,aa13,Rose,1,Fill,100,1,15468
Ord546,aa15,Rose,2,Fill,100,1,15469
Ord557,aa14,Rose,1,Fill,100,1,15469
Ord558,aa15,Rose,2,New,300,1,15469
Ord537,aa15,Rose,2,Fill,100,1,15471
Ord559,aa13,Rose,1,Fill,100,1,15471
Ord549,aa15,Rose,2,Fill,100,1,15472
Ord560,aa14,Rose,1,Fill,100,1,15472
Ord561,aa15,Rose,2,New,300,1,15472
Ord540,aa15,Rose,2,Fill,100,1,15474
Ord562,aa13,Rose,1,Fill,100,1,15474
Ord552,aa15,Rose,2,Fill,100,1,15475
Ord563,aa14,Rose,1,Fill,100,1,15475
Ord564,aa15,Rose,2,New,300,1,15475
Ord531,aa15,Rose,2,Fill,100,1,15477
Ord565,aa13,Rose,1,Fill,100,1,15477
Ord555,aa15,Rose,2,Fill,100,1,15478
Ord566,aa14,Rose,1,Fill,100,1,15478
Ord567,aa15,Rose,2,New,300,1,15478
Ord543,aa15,Rose,2,Fill,100,1,15480
Ord568,aa13,Rose,1,Fill,100,1,15480
Ord558,aa15,Rose,2,Fill,100,1,15481
Ord569,aa14,Rose,1,Fill,100,1,15481
Ord570,aa15,Rose,2,New,300,1,15481
Ord537,aa15,Rose,2,Fill,100,1,15483
Ord571,aa13,Rose,1,Fill,100,1,15483
Ord561,aa15,Rose,2,Fill,100,1,15484
Ord572,aa14,Rose,1,Fill,100,1,15484
Ord573,aa15,Rose,2,New,300,1,15484
Ord540,aa15,Rose,2,Fill,100,1,15485
Ord574,aa13,Rose,1,Fill,100,1,15486
Ord564,aa15,Rose,2,Fill,100,1,15487
Ord575,aa14,Rose,1,Fill,100,1,15487
Ord576,aa15,Rose,2,New,300,1,15487
Ord552,aa15,Rose,2,Fill,100,1,15488
Ord577,aa13,Rose,1,Fill,100,1,15489
Ord567,aa15,Rose,2,Fill,100,1,15490
Ord578,aa14,Rose,1,Fill,100,1,15490
Ord579,aa15,Rose,2,New,300,1,15490
Ord543,aa15,Rose,2,Fill,100,1,15491
Ord580,aa13,Rose,1,Fill,100,1,15491
Ord570,aa15,Rose,2,Fill,100,1,15493
Ord581,aa14,Rose,1,Fill,100,1,15493
Ord582,aa15,Rose,2,New,300,1,15493
Ord558,aa15,Rose,2,Fill,100,1,15494
Ord583,aa13,Rose,1,Fill,100,1,15494
Ord573,aa15,Rose,2,Fill,100,1,15495
Ord584,aa14,Rose,1,Fill,100,1,15496
Ord585,aa15,Rose,2,New,300,1,15496
Ord561,aa15,Rose,2,Fill,100,1,15497
Ord586,aa13,Rose,1,Fill,100,1,15497
Ord576,aa15,Rose,2,Fill,100,1,15498
Ord587,aa14,Rose,1,Fill,100,1,15498
Ord588,aa15,Rose,2,New,300,1,15498
Ord552,aa15,Rose,2,Fill,100,1,15500
Ord589,aa13,Rose,1,Fill,100,1,15500
Ord579,aa15,Rose,2,Fill,100,1,15501
Ord590,aa14,Rose,1,Fill,100,1,15501
Ord591,aa15,Rose,2,New,300,1,15501
Ord567,aa15,Rose,2,Fill,100,1,15503
Ord592,aa13,Rose,1,Fill,100,1,15503
Ord582,aa15,Rose,2,Fill,100,1,15504
Ord593,aa14,Rose,1,Fill,100,1,15504
Ord594,aa15,Rose,2,New,300,1,15504
Ord558,aa15,Rose,2,Fill,100,1,15506
Ord595,aa13,Rose,1,Fill,100,1,15506
Ord585,aa15,Rose,2,Fill,100,1,15507
Ord596,aa14,Rose,1,Fill,100,1,15507
Ord597,aa15,Rose,2,New,300,1,15507
Ord561,aa15,Rose,2,Fill,100,1,15509
Ord598,aa13,Rose,1,Fill,100,1,15509
Ord588,aa15,Rose,2,Fill,100,1,15510
Ord599,aa14,Rose,1,Fill,100,1,15510
Ord600,aa15,Rose,2,New,300,1,15510
Ord576,aa15,Rose,2,Fill,100,1,15512
Ord601,aa13,Rose,1,Fill,100,1,15512
Ord591,aa15,Rose,2,Fill,100,1,15513
Ord602,aa14,Rose,1,Fill,100,1,15513
Ord603,aa15,Rose,2,New,300,1,15513
Ord567,aa15,Rose,2,Fill,100,1,15515
Ord604,aa13,Rose,1,Fill,100,1,15515
Ord594,aa15,Rose,2,Fill,100,1,15516
Ord605,aa14,Rose,1,Fill,100,1,15516
Ord606,aa15,Rose,2,New,300,1,15516
Ord582,aa15,Rose,2,Fill,100,1,15518
Ord607,aa13,Rose,1,Fill,100,1,15518
Ord597,aa15,Rose,2,Fill,100,1,15519
Ord608,aa14,Rose,1,Fill,100,1,15519
Ord609,aa15,Rose,2,New,300,1,15519
Ord585,aa15,Rose,2,Fill,100,1,15521
Ord610,aa13,Rose,1,Fill,100,1,15521
Ord600,aa15,Rose,2,Fill,100,1,15522
Ord611,aa14,Rose,1,Fill,100,1,15522
Ord612,aa15,Rose,2,New,300,1,15522
Ord576,aa15,Rose,2,Fill,100,1,15524
Ord613,aa13,Rose,1,Fill,100,1,15524
Ord603,aa15,Rose,2,Fill,100,1,15525
Ord614,aa14,Rose,1,Fill,100,1,15525
Ord615,aa15,Rose,2,New,300,1,15525
Ord591,aa15,Rose,2,Fill,100,1,15788
Ord616,aa13,Rose,1,Fill,100,1,15788
Ord606,aa15,Rose,2,Fill,100,1,15789
Ord617,aa14,Rose,1,Fill,100,1,15789
Ord618,aa15,Rose,2,New,300,1,15789
Ord582,aa15,Rose,2,Fill,100,1,15791
Ord619,aa13,Rose,1,Fill,100,1,15791
Ord609,aa15,Rose,2,Fill,100,1,15792
Ord620,aa14,Rose,1,Fill,100,1,15792
Ord621,aa15,Rose,2,New,300,1,15792
Ord585,aa15,Rose,2,Fill,100,1,15793
Ord622,aa13,Rose,1,Fill,100,1,15794
Ord612,aa15,Rose,2,Fill,100,1,15795
Ord623,aa14,Rose,1,Fill,100,1,15795
Ord624,aa15,Rose,2,New,300,1,15795
